index	gene_name	label	exon_probability	embedding_norm
0	CLCN7	0.0	0.0007343492470681667	29.864397048950195
1	PRORP	1.0	0.004825447220355272	30.63202667236328
2	ZNF804B	0.0	0.002677832031622529	31.174379348754883
3	VPS8	1.0	0.3778581917285919	36.11138153076172
4	GOLGB1	1.0	0.9442425966262817	25.586828231811523
5	GRIK4	0.0	0.003257946576923132	28.621294021606445
6	FAN1	1.0	0.4113439917564392	29.884899139404297
7	JAZF1	0.0	0.011071993969380856	28.51982879638672
8	GPR75-ASB3	1.0	0.8869500160217285	28.56769371032715
9	PRKACA	1.0	0.7222398519515991	23.24083137512207
10	RASGRP3	1.0	0.5195695757865906	27.36944580078125
11	C19orf18	0.0	0.00036972531233914196	36.20934295654297
12	CCDC33	0.0	0.009071319364011288	32.10957336425781
13	ZBTB7B	1.0	0.9814035892486572	29.93235969543457
14	ROR1	0.0	0.0011827637208625674	38.467552185058594
15	AUTS2	0.0	0.0008870033198036253	30.93716049194336
16	Frmd4a	1.0	0.9969161748886108	30.503841400146484
17	Slco1a4	1.0	0.018518922850489616	40.37754440307617
18	Thada	0.0	0.04478076845407486	40.51544189453125
19	Atp7a	0.0	0.06213131174445152	35.670745849609375
20	Ilvbl	0.0	0.0013874784344807267	34.8773307800293
21	Mark2	0.0	0.029517220333218575	28.273134231567383
22	Gm29975	1.0	0.003120299195870757	33.89201736450195
23	Endov	1.0	0.8141990900039673	29.093929290771484
24	Tspan18	0.0	0.0034327476751059294	39.413143157958984
25	Slc16a2	0.0	0.0037628801073879004	29.118581771850586
26	Glrx3	1.0	0.1514231413602829	31.002782821655273
27	Ednrb	0.0	0.5504226684570312	30.356348037719727
28	Dock11	0.0	0.0008494686335325241	31.38538360595703
29	Mpig6b	1.0	0.21477355062961578	33.081939697265625
30	Plekha8	1.0	0.5930143594741821	26.417884826660156
31	Ptprm	1.0	0.8728615641593933	23.108104705810547
32	LOC100245650	1.0	0.9966886639595032	30.922042846679688
33	nad5	0.0	0.04673188179731369	22.496192932128906
34	LOC100252587	0.0	0.017545999959111214	28.32162857055664
35	LOC100259519	1.0	0.2157701700925827	23.5963077545166
36	LOC100245879	0.0	0.035261694341897964	29.547985076904297
37	LOC100262576	0.0	0.0232253260910511	30.379444122314453
38	LOC100244083	1.0	0.9963538646697998	29.697002410888672
39	LOC100265062	1.0	0.9905316829681396	31.554893493652344
40	LOC104880184	1.0	0.9812948703765869	29.378522872924805
41	LOC100254244	1.0	0.9874303340911865	31.81340789794922
42	LOC100257460	0.0	0.00079107575584203	30.44640350341797
43	LOC100250406	1.0	0.994678258895874	32.93992233276367
44	LOC100260835	0.0	0.050196241587400436	31.659040451049805
45	LOC100242519	0.0	0.06716486066579819	27.769617080688477
46	LOC100251846	1.0	0.984983503818512	32.48756790161133
47	LOC100259965	0.0	0.00043976784218102694	29.104598999023438
48	LOC123425693	1.0	0.9715515375137329	31.52491569519043
49	LOC123405113	0.0	0.013123908080160618	36.81963348388672
50	LOC123450707	0.0	0.1517678052186966	27.956892013549805
51	LOC123445541	1.0	0.9938608407974243	29.019054412841797
52	LOC123425012	0.0	0.008927109651267529	31.76465606689453
53	LOC123440335	1.0	0.9136288166046143	25.376625061035156
54	LOC123444788	1.0	0.7786591053009033	34.05989074707031
55	LOC123448914	1.0	0.9938039779663086	30.37364959716797
56	LOC123399897	0.0	0.0019245436415076256	36.10254669189453
57	LOC123401373	1.0	0.8340687155723572	31.407447814941406
58	LOC123413340	0.0	0.020718811079859734	28.55294418334961
59	LOC123452601	1.0	0.9995500445365906	32.480648040771484
60	LOC123396430	0.0	0.18276996910572052	27.292150497436523
61	LOC123412891	0.0	0.06094859540462494	31.536317825317383
62	LOC123402372	0.0	0.052613675594329834	29.396543502807617
63	LOC123417025	1.0	0.7322770953178406	25.9932804107666
64	LOC110803788	0.0	0.0031600899528712034	32.19533157348633
65	LOC110790239	1.0	0.9980258941650391	32.13398361206055
66	LOC110785307	1.0	0.34361228346824646	31.231565475463867
67	LOC110775202	1.0	0.9994951486587524	31.615467071533203
68	LOC110791026	1.0	0.7980368733406067	26.023326873779297
69	LOC110785367	1.0	0.6363540887832642	30.1728572845459
70	LOC110800822	1.0	0.9926121830940247	27.18340301513672
71	LOC110799084	1.0	0.9926722049713135	32.93086242675781
72	LOC130465597	0.0	0.04837631434202194	25.85797691345215
73	LOC110803373	0.0	0.03811044618487358	34.13442611694336
74	LOC110786724	0.0	0.005470799747854471	34.35603713989258
75	LOC110775446	1.0	0.09709779918193817	29.10959815979004
76	LOC110801851	0.0	0.014934264123439789	29.826936721801758
77	LOC110793225	0.0	0.14731167256832123	25.505226135253906
78	LOC110796266	0.0	0.016554581001400948	31.894697189331055
79	LOC110796462	0.0	0.014773929491639137	30.63037872314453
80	LOC18613911	1.0	0.9683818817138672	29.701650619506836
81	LOC18591268	0.0	0.004503381438553333	31.210058212280273
82	LOC18589673	0.0	0.005981960333883762	29.995689392089844
83	LOC18611328	1.0	0.9979408383369446	33.74608612060547
84	LOC18593766	0.0	0.006369126960635185	27.408885955810547
85	LOC18608122	1.0	0.9051854610443115	30.7750186920166
86	LOC18606261	0.0	0.005312184803187847	33.33122634887695
87	LOC18610960	1.0	0.9802195429801941	29.68661117553711
88	LOC18605585	1.0	0.9813034534454346	31.45933723449707
89	LOC18612181	0.0	0.00700338464230299	31.44695281982422
90	LOC18601573	1.0	0.9982790946960449	29.74728012084961
91	LOC9655312	0.0	0.1454467922449112	38.51261901855469
92	LOC9644987	0.0	0.10533696413040161	40.38697814941406
93	LOC9661221	0.0	0.3203079104423523	31.20052719116211
94	LOC9662721	0.0	0.0024856203235685825	37.836463928222656
95	LOC9645018	1.0	0.9650774002075195	32.83327102661133
96	LOC9646651	1.0	0.9799908399581909	37.65476608276367
97	LOC112345372	0.0	0.17375637590885162	36.32637023925781
98	LOC9646957	0.0	0.03279051184654236	39.1053581237793
99	LOC9636213	1.0	0.9777846336364746	30.438575744628906
100	LOC9658020	0.0	0.007724105380475521	35.26456069946289
101	LOC9654566	0.0	0.058782909065485	42.91843795776367
102	LOC9655489	1.0	0.9255112409591675	35.5919303894043
103	LOC9658820	1.0	0.9996275901794434	36.67300033569336
104	LOC9646449	1.0	0.997343122959137	37.8335075378418
105	LOC9630739	1.0	0.884533166885376	30.360610961914062
106	atrnl1b	0.0	0.033775560557842255	26.76673126220703
107	auts2a	0.0	0.07946199923753738	31.09882926940918
108	vsnl1a	0.0	0.07595514506101608	28.143041610717773
109	LOC137491042	1.0	0.35668623447418213	26.257173538208008
110	aatka	0.0	0.17823098599910736	30.367521286010742
111	spaca6	0.0	0.02264847606420517	30.496599197387695
112	LOC110437795	1.0	0.0917210653424263	36.444366455078125
113	ifi44f4	1.0	0.981953501701355	30.78079605102539
114	runx3	1.0	0.8030698895454407	25.176589965820312
115	spon1a	0.0	0.04563356190919876	29.969404220581055
116	slc7a9	1.0	0.9943339824676514	28.685083389282227
117	map2	0.0	0.020189765840768814	33.68252182006836
118	sgce	1.0	0.012355235405266285	43.860843658447266
119	porcnl	1.0	0.8701818585395813	29.50526237487793
120	si:dkey-7j14.5	1.0	0.591655433177948	32.69027328491211
121	pudp	0.0	0.37913548946380615	26.391685485839844
