id	ref_score	var_score	delta
chr17:41276135:T>G	-0.8579201102256775	-0.8579444289207458	-2.4318695068359375e-05
chr17:41276135:T>C	-0.8579201102256775	-0.8580681681632996	-0.0001480579376220703
chr17:41276135:T>A	-0.8579201102256775	-0.8580381274223328	-0.00011801719665527344
chr17:41276134:T>G	-0.8579885363578796	-0.858704149723053	-0.0007156133651733398
chr17:41276134:T>C	-0.8579885363578796	-0.8581299185752869	-0.00014138221740722656
chr17:41276134:T>A	-0.8579885363578796	-0.8583000898361206	-0.0003115534782409668
chr17:41276133:C>T	-0.8583725690841675	-0.8580232262611389	0.00034934282302856445
chr17:41276133:C>G	-0.8583725690841675	-0.8583964109420776	-2.384185791015625e-05
chr17:41276133:C>A	-0.8583725690841675	-0.8583824634552002	-9.894371032714844e-06
chr17:41276132:A>T	-0.8584549427032471	-0.8581443428993225	0.00031059980392456055
chr17:41276132:A>G	-0.8584549427032471	-0.8582943677902222	0.00016057491302490234
chr17:41276132:A>C	-0.8584549427032471	-0.8583828210830688	7.212162017822266e-05
chr17:41276131:A>T	-0.8583269119262695	-0.8586281538009644	-0.0003012418746948242
chr17:41276131:A>G	-0.8583269119262695	-0.8586102724075317	-0.00028336048126220703
chr17:41276131:A>C	-0.8583269119262695	-0.8586497902870178	-0.000322878360748291
chr17:41276130:G>T	-0.8585178852081299	-0.8588255047798157	-0.000307619571685791
chr17:41276130:G>C	-0.8585178852081299	-0.8589020371437073	-0.0003841519355773926
chr17:41276130:G>A	-0.8585178852081299	-0.8586194515228271	-0.00010156631469726562
chr17:41276129:T>G	-0.8585063219070435	-0.8586572408676147	-0.00015091896057128906
chr17:41276129:T>C	-0.8585063219070435	-0.8590630888938904	-0.0005567669868469238
chr17:41276129:T>A	-0.8585063219070435	-0.8588536381721497	-0.00034731626510620117
chr17:41276128:A>T	-0.8587788939476013	-0.858661949634552	0.0001169443130493164
chr17:41276128:A>C	-0.8587788939476013	-0.8585506677627563	0.0002282261848449707
chr17:41276127:A>T	-0.8590871691703796	-0.8592550754547119	-0.0001679062843322754
chr17:41276127:A>G	-0.8590871691703796	-0.8591930866241455	-0.00010591745376586914
chr17:41276127:A>C	-0.8590871691703796	-0.859495997428894	-0.0004088282585144043
chr17:41276126:C>T	-0.8590276837348938	-0.8590262532234192	1.430511474609375e-06
chr17:41276126:C>G	-0.8590276837348938	-0.8595390319824219	-0.0005113482475280762
chr17:41276126:C>A	-0.8590276837348938	-0.8594557046890259	-0.0004280209541320801
chr17:41276125:C>T	-0.8591153621673584	-0.8596646785736084	-0.00054931640625
chr17:41276125:C>G	-0.8591153621673584	-0.8593884706497192	-0.00027310848236083984
chr17:41276125:C>A	-0.8591153621673584	-0.8594579100608826	-0.0003425478935241699
chr17:41276124:T>G	-0.8589441180229187	-0.8595585227012634	-0.0006144046783447266
chr17:41276124:T>C	-0.8589441180229187	-0.8593413829803467	-0.0003972649574279785
chr17:41276124:T>A	-0.8589441180229187	-0.8595060110092163	-0.0005618929862976074
chr17:41276123:T>G	-0.8589889407157898	-0.8593679666519165	-0.000379025936126709
chr17:41276123:T>C	-0.8589889407157898	-0.859306275844574	-0.0003173351287841797
chr17:41276123:T>A	-0.8589889407157898	-0.8591985702514648	-0.00020962953567504883
chr17:41276122:G>T	-0.8591679334640503	-0.8595670461654663	-0.0003991127014160156
chr17:41276122:G>C	-0.8591679334640503	-0.8595770001411438	-0.00040906667709350586
chr17:41276122:G>A	-0.8591679334640503	-0.8594988584518433	-0.00033092498779296875
chr17:41276121:T>G	-0.8590173721313477	-0.8590929508209229	-7.557868957519531e-05
chr17:41276121:T>C	-0.8590173721313477	-0.8593974709510803	-0.000380098819732666
chr17:41276121:T>A	-0.8590173721313477	-0.8586844801902771	0.00033289194107055664
chr17:41276120:C>T	-0.8591352701187134	-0.8594775795936584	-0.00034230947494506836
chr17:41276120:C>G	-0.8591352701187134	-0.8591501712799072	-1.4901161193847656e-05
chr17:41276120:C>A	-0.8591352701187134	-0.8591032028198242	3.2067298889160156e-05
chr17:41276119:T>G	-0.8593661189079285	-0.8595150709152222	-0.00014895200729370117
chr17:41276119:T>C	-0.8593661189079285	-0.859304666519165	6.145238876342773e-05
chr17:41276119:T>A	-0.8593661189079285	-0.8594223260879517	-5.620718002319336e-05
chr17:41276118:T>G	-0.859004557132721	-0.8594834804534912	-0.00047892332077026367
chr17:41276118:T>C	-0.859004557132721	-0.8593975901603699	-0.0003930330276489258
chr17:41276118:T>A	-0.859004557132721	-0.8599134087562561	-0.0009088516235351562
chr17:41276117:T>G	-0.8590591549873352	-0.8596935272216797	-0.0006343722343444824
chr17:41276117:T>C	-0.8590591549873352	-0.8592150211334229	-0.00015586614608764648
chr17:41276117:T>A	-0.8590591549873352	-0.8595300912857056	-0.00047093629837036133
chr17:41276116:C>T	-0.8587693572044373	-0.8595342636108398	-0.0007649064064025879
chr17:41276116:C>G	-0.8587693572044373	-0.8594983816146851	-0.0007290244102478027
chr17:41276116:C>A	-0.8587693572044373	-0.8596299290657043	-0.0008605718612670898
chr17:41276115:T>G	-0.858609676361084	-0.8592137098312378	-0.0006040334701538086
chr17:41276115:T>C	-0.858609676361084	-0.8586735129356384	-6.383657455444336e-05
chr17:41276115:T>A	-0.858609676361084	-0.859454870223999	-0.0008451938629150391
chr17:41276114:T>G	-0.8586919903755188	-0.8588231205940247	-0.00013113021850585938
chr17:41276114:T>C	-0.8586919903755188	-0.8585816621780396	0.00011032819747924805
chr17:41276114:T>A	-0.8586919903755188	-0.8585782051086426	0.0001137852668762207
chr17:41276113:T>G	-0.85848069190979	-0.8598693013191223	-0.0013886094093322754
chr17:41276113:T>C	-0.85848069190979	-0.8595980405807495	-0.0011173486709594727
chr17:41276113:T>A	-0.85848069190979	-0.8599498867988586	-0.0014691948890686035
chr17:41276112:A>T	-0.8583078384399414	-0.859741747379303	-0.0014339089393615723
chr17:41276112:A>G	-0.8583078384399414	-0.8597634434700012	-0.0014556050300598145
chr17:41276112:A>C	-0.8583078384399414	-0.8597473502159119	-0.001439511775970459
chr17:41276111:C>T	-0.858713686466217	-0.8594136238098145	-0.0006999373435974121
chr17:41276111:C>G	-0.858713686466217	-0.8593747019767761	-0.000661015510559082
chr17:41276111:C>A	-0.858713686466217	-0.859363853931427	-0.0006501674652099609
chr17:41276110:C>T	-0.85834139585495	-0.8589314818382263	-0.0005900859832763672
chr17:41276110:C>G	-0.85834139585495	-0.859488844871521	-0.001147449016571045
chr17:41276110:C>A	-0.85834139585495	-0.8592517971992493	-0.0009104013442993164
chr17:41276109:T>G	-0.8585594296455383	-0.8591644167900085	-0.0006049871444702148
chr17:41276109:T>C	-0.8585594296455383	-0.8593952655792236	-0.0008358359336853027
chr17:41276109:T>A	-0.8585594296455383	-0.8597413897514343	-0.001181960105895996
chr17:41276108:A>T	-0.858415961265564	-0.8595858812332153	-0.0011699199676513672
chr17:41276108:A>G	-0.858415961265564	-0.8584667444229126	-5.078315734863281e-05
chr17:41276108:A>C	-0.858415961265564	-0.8592860698699951	-0.0008701086044311523
chr17:41276107:A>T	-0.8585790395736694	-0.8592352867126465	-0.0006562471389770508
chr17:41276107:A>G	-0.8585790395736694	-0.8590149879455566	-0.00043594837188720703
chr17:41276107:A>C	-0.8585790395736694	-0.8590758442878723	-0.0004968047142028809
chr17:41276106:A>T	-0.85850989818573	-0.8601467609405518	-0.0016368627548217773
chr17:41276106:A>G	-0.85850989818573	-0.8592387437820435	-0.0007288455963134766
chr17:41276106:A>C	-0.85850989818573	-0.8597662448883057	-0.0012563467025756836
chr17:41276105:T>G	-0.858356773853302	-0.8584232926368713	-6.651878356933594e-05
chr17:41276105:T>C	-0.858356773853302	-0.8590863347053528	-0.0007295608520507812
chr17:41276105:T>A	-0.858356773853302	-0.8586697578430176	-0.00031298398971557617
chr17:41276104:A>T	-0.857994019985199	-0.8590583801269531	-0.0010643601417541504
chr17:41276104:A>G	-0.857994019985199	-0.8590608239173889	-0.0010668039321899414
chr17:41276104:A>C	-0.857994019985199	-0.858966052532196	-0.0009720325469970703
chr17:41276103:G>T	-0.858345627784729	-0.8599957227706909	-0.001650094985961914
chr17:41276103:G>C	-0.858345627784729	-0.859229564666748	-0.000883936882019043
chr17:41276103:G>A	-0.858345627784729	-0.8593426942825317	-0.0009970664978027344
chr17:41276102:A>T	-0.8586122989654541	-0.8583847284317017	0.0002275705337524414
chr17:41276102:A>G	-0.8586122989654541	-0.8589488863945007	-0.00033658742904663086
chr17:41276102:A>C	-0.8586122989654541	-0.858843982219696	-0.00023168325424194336
chr17:41276101:C>T	-0.858435869216919	-0.8590087294578552	-0.0005728602409362793
chr17:41276101:C>G	-0.858435869216919	-0.8593982458114624	-0.000962376594543457
chr17:41276101:C>A	-0.858435869216919	-0.8588787317276001	-0.00044286251068115234
chr17:41276100:G>T	-0.8587414026260376	-0.8599032759666443	-0.0011618733406066895
chr17:41276100:G>C	-0.8587414026260376	-0.8599293231964111	-0.0011879205703735352
chr17:41276100:G>A	-0.8587414026260376	-0.8596622347831726	-0.0009208321571350098
chr17:41276099:A>T	-0.8585169315338135	-0.8587609529495239	-0.00024402141571044922
chr17:41276099:A>G	-0.8585169315338135	-0.8588090538978577	-0.00029212236404418945
chr17:41276099:A>C	-0.8585169315338135	-0.8590995669364929	-0.0005826354026794434
chr17:41276098:G>T	-0.8580935597419739	-0.8570805788040161	0.0010129809379577637
chr17:41276098:G>C	-0.8580935597419739	-0.8572250604629517	0.0008684992790222168
chr17:41276098:G>A	-0.8580935597419739	-0.8582248687744141	-0.00013130903244018555
chr17:41276097:A>T	-0.8584593534469604	-0.8581058382987976	0.0003535151481628418
chr17:41276097:A>G	-0.8584593534469604	-0.8595936298370361	-0.0011342763900756836
chr17:41276097:A>C	-0.8584593534469604	-0.8586532473564148	-0.0001938939094543457
chr17:41276096:A>T	-0.8583089113235474	-0.858993411064148	-0.0006844997406005859
chr17:41276096:A>G	-0.8583089113235474	-0.8587450385093689	-0.0004361271858215332
chr17:41276096:A>C	-0.8583089113235474	-0.8589432835578918	-0.0006343722343444824
chr17:41276095:G>T	-0.8586009740829468	-0.859784722328186	-0.0011837482452392578
chr17:41276095:G>C	-0.8586009740829468	-0.8602441549301147	-0.0016431808471679688
chr17:41276095:G>A	-0.8586009740829468	-0.8596053123474121	-0.001004338264465332
chr17:41276094:C>T	-0.8587133884429932	-0.8587174415588379	-4.0531158447265625e-06
chr17:41276094:C>G	-0.8587133884429932	-0.8602958917617798	-0.001582503318786621
chr17:41276094:C>A	-0.8587133884429932	-0.8603385090827942	-0.0016251206398010254
chr17:41276093:G>T	-0.858825147151947	-0.8585165143013	0.00030863285064697266
chr17:41276093:G>C	-0.858825147151947	-0.8586784601211548	0.00014668703079223633
chr17:41276093:G>A	-0.858825147151947	-0.8585056662559509	0.00031948089599609375
chr17:41276092:C>T	-0.8586028814315796	-0.8583746552467346	0.0002282261848449707
chr17:41276092:C>G	-0.8586028814315796	-0.858799159526825	-0.00019627809524536133
chr17:41276092:C>A	-0.8586028814315796	-0.8598533272743225	-0.00125044584274292
chr17:41276091:A>T	-0.8587456345558167	-0.8610544204711914	-0.002308785915374756
chr17:41276091:A>G	-0.8587456345558167	-0.859488844871521	-0.0007432103157043457
chr17:41276091:A>C	-0.8587456345558167	-0.8617265224456787	-0.0029808878898620605
chr17:41276090:A>T	-0.8588597178459167	-0.8588660359382629	-6.318092346191406e-06
chr17:41276090:A>G	-0.8588597178459167	-0.859200119972229	-0.00034040212631225586
chr17:41276090:A>C	-0.8588597178459167	-0.8589127659797668	-5.3048133850097656e-05
chr17:41276089:C>T	-0.8583648204803467	-0.8601735830307007	-0.001808762550354004
chr17:41276089:C>G	-0.8583648204803467	-0.8593178391456604	-0.0009530186653137207
chr17:41276089:C>A	-0.8583648204803467	-0.8603162169456482	-0.0019513964653015137
chr17:41276088:T>G	-0.8583441376686096	-0.8600379824638367	-0.0016938447952270508
chr17:41276088:T>C	-0.8583441376686096	-0.8607805967330933	-0.0024364590644836426
chr17:41276088:T>A	-0.8583441376686096	-0.8608757853507996	-0.0025316476821899414
chr17:41276087:T>G	-0.8585039973258972	-0.8598036766052246	-0.0012996792793273926
chr17:41276087:T>C	-0.8585039973258972	-0.8589974641799927	-0.000493466854095459
chr17:41276087:T>A	-0.8585039973258972	-0.8594993352890015	-0.000995337963104248
chr17:41276086:C>T	-0.8587363362312317	-0.8623108863830566	-0.003574550151824951
chr17:41276086:C>G	-0.8587363362312317	-0.8614944219589233	-0.0027580857276916504
chr17:41276086:C>A	-0.8587363362312317	-0.8624439239501953	-0.003707587718963623
chr17:41276085:T>G	-0.8583400249481201	-0.8624668121337891	-0.004126787185668945
chr17:41276085:T>C	-0.8583400249481201	-0.8620598316192627	-0.003719806671142578
chr17:41276085:T>A	-0.8583400249481201	-0.8623988628387451	-0.004058837890625
chr17:41276084:T>G	-0.8586169481277466	-0.8603916168212891	-0.0017746686935424805
chr17:41276084:T>C	-0.8586169481277466	-0.8596622943878174	-0.0010453462600708008
chr17:41276084:T>A	-0.8586169481277466	-0.8600491285324097	-0.001432180404663086
chr17:41276083:C>T	-0.8589023947715759	-0.8600344657897949	-0.0011320710182189941
chr17:41276083:C>G	-0.8589023947715759	-0.8621619343757629	-0.0032595396041870117
chr17:41276083:C>A	-0.8589023947715759	-0.8620489239692688	-0.003146529197692871
chr17:41276082:A>T	-0.8591100573539734	-0.8631130456924438	-0.004002988338470459
chr17:41276082:A>G	-0.8591100573539734	-0.8618608117103577	-0.0027507543563842773
chr17:41276082:A>C	-0.8591100573539734	-0.8629162907600403	-0.0038062334060668945
chr17:41276081:T>G	-0.859239935874939	-0.8594192266464233	-0.000179290771484375
chr17:41276081:T>C	-0.859239935874939	-0.8593176007270813	-7.766485214233398e-05
chr17:41276081:T>A	-0.859239935874939	-0.8592050075531006	3.4928321838378906e-05
chr17:41276080:G>T	-0.8594356775283813	-0.8612127304077148	-0.001777052879333496
chr17:41276080:G>C	-0.8594356775283813	-0.8620265126228333	-0.0025908350944519043
chr17:41276080:G>A	-0.8594356775283813	-0.8625925183296204	-0.0031568408012390137
chr17:41276079:T>G	-0.8595921993255615	-0.8628823757171631	-0.0032901763916015625
chr17:41276079:T>C	-0.8595921993255615	-0.8614234924316406	-0.0018312931060791016
chr17:41276079:T>A	-0.8595921993255615	-0.8618579506874084	-0.002265751361846924
chr17:41276078:T>G	-0.8595771789550781	-0.8605793714523315	-0.001002192497253418
chr17:41276078:T>C	-0.8595771789550781	-0.8595942258834839	-1.704692840576172e-05
chr17:41276078:T>A	-0.8595771789550781	-0.8606462478637695	-0.0010690689086914062
chr17:41276077:T>G	-0.8597167134284973	-0.8622775673866272	-0.002560853958129883
chr17:41276077:T>C	-0.8597167134284973	-0.8614810705184937	-0.0017643570899963379
chr17:41276077:T>A	-0.8597167134284973	-0.8632577657699585	-0.0035410523414611816
chr17:41276076:T>G	-0.860027015209198	-0.861350417137146	-0.001323401927947998
chr17:41276076:T>C	-0.860027015209198	-0.8605637550354004	-0.0005367398262023926
chr17:41276076:T>A	-0.860027015209198	-0.8625230193138123	-0.002496004104614258
chr17:41276075:A>T	-0.8601707816123962	-0.8617417216300964	-0.0015709400177001953
chr17:41276075:A>G	-0.8601707816123962	-0.8607298731803894	-0.0005590915679931641
chr17:41276075:A>C	-0.8601707816123962	-0.862287163734436	-0.002116382122039795
chr17:41276074:C>T	-0.860419511795044	-0.8606275916099548	-0.00020807981491088867
chr17:41276074:C>G	-0.860419511795044	-0.8626940846443176	-0.0022745728492736816
chr17:41276074:C>A	-0.860419511795044	-0.8643734455108643	-0.0039539337158203125
chr17:41276073:A>T	-0.8603799939155579	-0.8646013140678406	-0.004221320152282715
chr17:41276073:A>G	-0.8603799939155579	-0.8622915744781494	-0.0019115805625915527
chr17:41276073:A>C	-0.8603799939155579	-0.8644443154335022	-0.004064321517944336
chr17:41276072:G>T	-0.8605493307113647	-0.8608022332191467	-0.0002529025077819824
chr17:41276072:G>C	-0.8605493307113647	-0.8609372973442078	-0.0003879666328430176
chr17:41276072:G>A	-0.8605493307113647	-0.8606094121932983	-6.008148193359375e-05
chr17:41276071:T>G	-0.8608884215354919	-0.8599303960800171	0.0009580254554748535
chr17:41276071:T>C	-0.8608884215354919	-0.860935389995575	-4.696846008300781e-05
chr17:41276071:T>A	-0.8608884215354919	-0.862061083316803	-0.0011726617813110352
chr17:41276070:A>T	-0.8607993125915527	-0.8647705912590027	-0.003971278667449951
chr17:41276070:A>G	-0.8607993125915527	-0.8639887571334839	-0.0031894445419311523
chr17:41276070:A>C	-0.8607993125915527	-0.8647992014884949	-0.003999888896942139
chr17:41276069:A>T	-0.8610790371894836	-0.8612656593322754	-0.00018662214279174805
chr17:41276069:A>G	-0.8610790371894836	-0.8610078692436218	7.11679458618164e-05
chr17:41276069:A>C	-0.8610790371894836	-0.8611749410629272	-9.590387344360352e-05
